Date,ADANIENT.NS,ADANIPORTS.NS,APOLLOHOSP.NS,ASIANPAINT.NS,AXISBANK.NS,BAJAJ-AUTO.NS,BAJAJFINSV.NS,BAJFINANCE.NS,BHARTIARTL.NS,BPCL.NS,BRITANNIA.NS,CIPLA.NS,COALINDIA.NS,DIVISLAB.NS,DRREDDY.NS,EICHERMOT.NS,GRASIM.NS,HCLTECH.NS,HDFCBANK.NS,HDFCLIFE.NS,HEROMOTOCO.NS,HINDALCO.NS,HINDUNILVR.NS,ICICIBANK.NS,ICICIPRULI.NS,INDUSINDBK.NS,INFY.NS,ITC.NS,JSWSTEEL.NS,KOTAKBANK.NS,LT.NS,M&M.NS,MARUTI.NS,NESTLEIND.NS,NTPC.NS,ONGC.NS,POWERGRID.NS,RELIANCE.NS,SBILIFE.NS,SBIN.NS,SUNPHARMA.NS,TATACONSUM.NS,TATAMOTORS.NS,TATASTEEL.NS,TCS.NS,TECHM.NS,TITAN.NS,ULTRACEMCO.NS,UPL.NS,WIPRO.NS
2025-01-01,2554.85009765625,1218.699951171875,7359.2412109375,2304.64990234375,1071.800048828125,8740.5498046875,1576.4000244140625,6935.2998046875,1595.699951171875,289.5782165527344,4794.75,1529.0999755859375,380.78033447265625,6073.0,1369.0,4885.2998046875,2442.14990234375,1877.4879150390625,1782.75,617.2000122070312,4081.931640625,592.9500122070312,2322.10009765625,1283.6500244140625,659.7999877929688,969.4000244140625,1882.5,476.42987060546875,905.4500122070312,1788.4000244140625,3667.5,3082.0,11208.2998046875,2155.44677734375,331.06756591796875,232.3247833251953,306.8118591308594,1221.25,1397.73974609375,793.2000122070312,1878.6280517578125,920.2999877929688,749.25,136.74000549316406,4047.9228515625,1703.8499755859375,3253.85009765625,11447.0,500.5,294.44903564453125
2025-01-02,2597.699951171875,1226.0,7411.16748046875,2343.25,1086.5999755859375,9079.5,1700.6500244140625,7389.2001953125,1609.699951171875,291.147216796875,4787.7998046875,1537.9000244140625,387.235107421875,6144.75,1375.050048828125,5308.10009765625,2543.949951171875,1936.65185546875,1793.75,620.1500244140625,4205.96923828125,599.0,2370.0,1290.5999755859375,662.0999755859375,991.3499755859375,1957.8499755859375,481.4505920410156,912.5,1837.1500244140625,3713.5,3211.10009765625,11841.2998046875,2186.19970703125,335.3838806152344,241.2667694091797,311.5069580078125,1241.800048828125,1419.5482177734375,801.2000122070312,1866.749755859375,929.6500244140625,765.0499877929688,138.17999267578125,4110.2294921875,1726.949951171875,3388.949951171875,11797.7001953125,509.45001220703125,297.880859375
2025-01-03,2564.60009765625,1199.550048828125,7288.0419921875,2335.949951171875,1084.9000244140625,8965.7001953125,1701.0999755859375,7407.25,1598.8499755859375,290.65692138671875,4834.10009765625,1511.25,387.9248962402344,6048.2998046875,1352.6500244140625,5310.75,2510.0,1911.5625,1749.199951171875,623.0,4139.24365234375,591.1500244140625,2406.25,1265.050048828125,673.5999755859375,997.9000244140625,1938.75,474.1163635253906,915.0499877929688,1838.6500244140625,3659.89990234375,3190.550048828125,11934.25,2218.492919921875,337.2195739746094,253.83653259277344,312.39654541015625,1251.1500244140625,1444.9498291015625,793.4000244140625,1838.569580078125,939.4500122070312,790.4000244140625,138.36000061035156,4035.5693359375,1689.449951171875,3451.64990234375,11786.0,529.5499877929688,288.7130432128906
2025-01-06,2474.449951171875,1163.050048828125,7418.6572265625,2267.14990234375,1063.4000244140625,8823.849609375,1684.5999755859375,7349.35009765625,1588.449951171875,279.3307189941406,4791.25,1491.4000244140625,373.2416076660156,5891.64990234375,1350.3499755859375,5250.10009765625,2460.550048828125,1917.84716796875,1710.5,605.9500122070312,4099.9296875,574.0999755859375,2376.199951171875,1264.0999755859375,661.9000244140625,970.0499877929688,1937.8499755859375,435.7716064453125,900.9000244140625,1779.6500244140625,3603.199951171875,3105.699951171875,11755.650390625,2171.096435546875,324.96514892578125,249.3949432373047,302.4627380371094,1218.0,1431.9246826171875,776.4000244140625,1836.3330078125,946.9000244140625,776.25,132.17999267578125,4030.746337890625,1686.300048828125,3470.39990234375,11503.599609375,521.2999877929688,288.5659484863281
2025-01-07,2520.550048828125,1174.0,7426.24658203125,2292.60009765625,1067.5,8810.2998046875,1682.75,7353.9501953125,1590.8499755859375,277.3204345703125,4832.25,1497.449951171875,374.2763366699219,5907.9501953125,1351.550048828125,5177.2998046875,2467.25,1881.3668212890625,1713.4000244140625,619.8499755859375,4060.17724609375,584.5,2390.800048828125,1279.25,662.7000122070312,983.5999755859375,1930.8499755859375,434.2456970214844,911.7999877929688,1772.050048828125,3643.300048828125,3108.85009765625,11721.2998046875,2198.570556640625,326.056640625,258.3467102050781,301.5237121582031,1240.8499755859375,1474.9427490234375,778.75,1842.297119140625,955.0,793.25,133.3800048828125,3965.093017578125,1671.1500244140625,3505.10009765625,11618.5498046875,544.4500122070312,288.32080078125
2025-01-08,2515.25,1152.300048828125,7132.5615234375,2334.35009765625,1074.949951171875,8642.25,1697.0,7355.39990234375,1599.199951171875,281.242919921875,4859.89990234375,1494.9000244140625,374.818359375,5868.39990234375,1370.75,5163.2001953125,2435.75,1897.422119140625,1694.300048828125,618.0,4036.813720703125,586.6500244140625,2401.0,1263.75,652.9500122070312,981.0499877929688,1933.1500244140625,442.56439208984375,902.2999877929688,1768.6500244140625,3596.35009765625,3086.10009765625,11822.0,2205.7744140625,322.88140869140625,266.03369140625,303.105224609375,1265.5,1460.3704833984375,771.1500244140625,1826.7408447265625,961.5999755859375,794.9500122070312,132.63999938964844,4043.93603515625,1663.75,3484.050048828125,11403.5498046875,539.5499877929688,291.75262451171875
2025-01-09,2477.89990234375,1132.3499755859375,7081.53369140625,2350.199951171875,1061.75,8835.849609375,1690.300048828125,7277.4501953125,1607.050048828125,274.57470703125,4926.2998046875,1488.199951171875,366.7868957519531,5824.5498046875,1371.5999755859375,5139.89990234375,2410.39990234375,1899.9261474609375,1667.800048828125,612.2000122070312,4039.886474609375,589.25,2435.39990234375,1262.4000244140625,646.8499755859375,980.9000244140625,1917.300048828125,443.1058654785156,890.9500122070312,1790.199951171875,3527.89990234375,3126.5,11740.5498046875,2241.6943359375,317.8705139160156,258.0427551269531,301.7214050292969,1254.75,1465.660400390625,760.4500122070312,1815.4090576171875,970.0999755859375,780.0999755859375,129.92999267578125,3975.4775390625,1642.800048828125,3487.050048828125,11259.7998046875,545.4500122070312,286.60491943359375
2025-01-10,2374.39990234375,1112.199951171875,7026.8115234375,2320.75,1040.699951171875,8764.0,1701.25,7288.0498046875,1615.9000244140625,272.2702331542969,4939.2001953125,1468.800048828125,363.14068603515625,5771.35009765625,1354.4000244140625,5058.4501953125,2364.10009765625,1959.1392822265625,1656.75,608.6500244140625,4021.302978515625,574.4500122070312,2442.050048828125,1249.8499755859375,644.5499877929688,937.5999755859375,1966.949951171875,437.98663330078125,900.0999755859375,1756.199951171875,3536.14990234375,3092.85009765625,11631.099609375,2233.59619140625,305.8641662597656,257.8858947753906,296.2355651855469,1241.9000244140625,1475.4918212890625,743.25,1774.1080322265625,972.7999877929688,774.6500244140625,127.43000030517578,4198.71875,1705.5999755859375,3440.25,10865.2001953125,548.8499755859375,294.69415283203125
2025-01-13,2225.14990234375,1066.6500244140625,6829.93994140625,2252.64990234375,1049.300048828125,8596.25,1674.1500244140625,7150.9501953125,1597.199951171875,260.1595153808594,4927.0498046875,1439.199951171875,357.62213134765625,5732.5,1335.0999755859375,4939.10009765625,2288.14990234375,1953.5419921875,1630.8499755859375,599.75,3944.67529296875,563.75,2451.0,1229.75,636.4500122070312,941.7000122070312,1962.199951171875,432.2275390625,883.75,1738.4000244140625,3464.300048828125,2999.64990234375,11497.7001953125,2223.113525390625,295.8919677734375,250.73818969726562,284.27545166015625,1239.8499755859375,1464.6124267578125,729.5,1736.43505859375,965.4500122070312,751.0,122.93000030517578,4223.76953125,1659.6500244140625,3382.75,10615.150390625,533.6500244140625,286.1636962890625
2025-01-14,2380.550048828125,1117.0999755859375,6697.37744140625,2239.949951171875,1051.6500244140625,8611.2001953125,1713.5,7335.0,1600.0999755859375,264.964599609375,4862.39990234375,1447.75,363.8797912597656,5990.2998046875,1337.550048828125,5029.5498046875,2310.60009765625,1780.861572265625,1646.5999755859375,600.4500122070312,4002.231201171875,590.9000244140625,2367.949951171875,1240.300048828125,642.1500244140625,962.0999755859375,1940.050048828125,429.8156433105469,906.0499877929688,1750.5999755859375,3462.60009765625,3049.5,11741.150390625,2204.929931640625,307.99749755859375,255.28762817382812,286.8948059082031,1238.75,1496.4019775390625,748.1500244140625,1760.2415771484375,963.1500244140625,770.5,126.93000030517578,4166.6298828125,1647.5,3322.5,10483.75,541.8499755859375,287.1441955566406
2025-01-15,2388.14990234375,1128.9000244140625,6682.3984375,2229.699951171875,1026.800048828125,8578.0,1671.6500244140625,7177.39990234375,1607.449951171875,261.8265686035156,4877.0,1447.199951171875,369.1519775390625,5876.85009765625,1337.199951171875,5081.89990234375,2317.550048828125,1792.79248046875,1643.050048828125,594.2000122070312,4011.2548828125,591.5499877929688,2373.0,1238.25,633.0499877929688,962.4500122070312,1949.6500244140625,430.5539855957031,904.0499877929688,1789.5999755859375,3501.39990234375,2960.25,11947.400390625,2185.653076171875,318.8627624511719,253.14036560058594,295.19769287109375,1252.199951171875,1469.9522705078125,753.7000122070312,1746.325439453125,955.5499877929688,763.5999755859375,126.52999877929688,4182.9208984375,1675.949951171875,3323.5,10521.650390625,546.9000244140625,286.9480895996094
2025-01-16,2427.85009765625,1150.75,6780.06005859375,2215.60009765625,1038.0,8581.9501953125,1697.3499755859375,7259.75,1630.199951171875,261.728515625,4844.5498046875,1443.5,373.3401794433594,5916.0498046875,1302.75,5047.7998046875,2350.699951171875,1759.945556640625,1652.050048828125,641.4000244140625,3974.38037109375,602.5999755859375,2345.0,1249.0999755859375,651.4000244140625,975.3499755859375,1928.449951171875,426.1239013671875,906.7999877929688,1805.550048828125,3507.89990234375,2980.60009765625,12092.2998046875,2155.496337890625,322.98065185546875,258.0427551269531,294.2092590332031,1266.449951171875,1510.724609375,766.2999877929688,1752.7369384765625,937.7000122070312,774.3499755859375,127.80999755859375,4140.2998046875,1687.6500244140625,3316.89990234375,10636.2001953125,546.2999877929688,282.4377136230469
2025-01-17,2399.800048828125,1163.5,6818.4560546875,2261.0,991.0499877929688,8581.400390625,1680.6500244140625,7182.10009765625,1627.5,268.2987060546875,4854.39990234375,1442.300048828125,382.0121765136719,5916.0498046875,1309.4000244140625,5012.2998046875,2375.85009765625,1768.4969482421875,1636.75,642.2000122070312,3997.695068359375,617.0,2354.0,1225.449951171875,645.75,970.9500122070312,1815.449951171875,433.3597106933594,908.5999755859375,1758.5999755859375,3568.64990234375,2917.35009765625,12136.349609375,2203.091552734375,323.6256103515625,261.3666076660156,299.10205078125,1302.3499755859375,1537.5736083984375,764.0999755859375,1775.84765625,954.4500122070312,779.75,130.27999877929688,4124.2998046875,1660.300048828125,3357.39990234375,10580.0,551.7000122070312,276.4565734863281
2025-01-20,2442.800048828125,1148.699951171875,6771.27294921875,2280.550048828125,988.0499877929688,8544.400390625,1735.199951171875,7440.10009765625,1641.1500244140625,271.927001953125,4885.39990234375,1445.449951171875,381.4208984375,6000.60009765625,1302.3499755859375,5016.75,2402.0,1775.7135009765625,1651.25,634.0499877929688,3991.939697265625,618.1500244140625,2345.199951171875,1232.949951171875,641.2999877929688,970.7000122070312,1813.300048828125,430.8985290527344,919.2000122070312,1920.5,3593.0,2888.10009765625,12020.0498046875,2199.911865234375,333.448974609375,264.1021423339844,302.7098388671875,1305.449951171875,1496.85107421875,779.25,1767.5972900390625,960.2999877929688,774.3499755859375,131.66000366210938,4077.800048828125,1674.5999755859375,3382.25,10624.4501953125,552.8499755859375,294.4000244140625
2025-01-21,2384.300048828125,1106.199951171875,6909.37744140625,2260.35009765625,970.2000122070312,8468.5498046875,1717.0,7291.64990234375,1626.1500244140625,274.7708435058594,4903.85009765625,1428.0,376.0008850097656,5818.89990234375,1288.1500244140625,4969.9501953125,2367.5,1781.8428955078125,1642.4000244140625,624.0,3926.286865234375,614.9500122070312,2340.5,1196.1500244140625,635.5499877929688,960.4500122070312,1800.699951171875,430.7508544921875,926.8499755859375,1893.300048828125,3541.10009765625,2821.300048828125,11883.7001953125,2182.4736328125,321.7899169921875,260.61163330078125,298.8549499511719,1273.699951171875,1463.76416015625,759.0499877929688,1752.140380859375,972.0999755859375,760.75,129.6999969482422,4035.85009765625,1640.5,3353.35009765625,10667.7998046875,544.25,292.53704833984375
2025-01-22,2376.550048828125,1102.25,6883.16455078125,2262.10009765625,959.2999877929688,8460.849609375,1743.300048828125,7397.14990234375,1631.75,272.22119140625,4956.7001953125,1439.4000244140625,373.6850891113281,5812.5,1296.25,5009.7001953125,2388.14990234375,1806.854248046875,1666.050048828125,618.2000122070312,3956.430419921875,613.4500122070312,2342.949951171875,1200.449951171875,598.0499877929688,970.9500122070312,1856.449951171875,430.20941162109375,919.4000244140625,1917.5,3518.199951171875,2826.449951171875,12020.349609375,2193.75146484375,319.9046325683594,258.8957824707031,294.11041259765625,1277.0999755859375,1457.2764892578125,753.4500122070312,1788.1732177734375,967.4000244140625,742.75,128.9199981689453,4156.60009765625,1683.949951171875,3356.449951171875,10693.75,542.7000122070312,303.0776062011719
2025-01-23,2385.0,1104.0,6911.0751953125,2276.35009765625,951.0499877929688,8399.9501953125,1746.1500244140625,7443.25,1636.0,265.9942321777344,5012.60009765625,1451.1500244140625,380.1890563964844,5850.9501953125,1289.4000244140625,5116.2001953125,2461.14990234375,1786.390380859375,1664.9000244140625,621.0,3999.98779296875,608.25,2321.699951171875,1201.75,594.7000122070312,970.9500122070312,1865.449951171875,433.3597106933594,929.9000244140625,1894.8499755859375,3503.25,2886.449951171875,12045.75,2184.957763671875,321.14495849609375,257.9153137207031,290.9474182128906,1263.6500244140625,1447.095703125,745.9000244140625,1822.61572265625,983.9000244140625,752.5,130.3699951171875,4145.4501953125,1713.4000244140625,3398.550048828125,11420.900390625,557.8499755859375,311.5100402832031
2025-01-24,2315.10009765625,1094.1500244140625,6735.52294921875,2262.39990234375,948.5,8401.5,1728.699951171875,7438.60009765625,1644.800048828125,258.6885681152344,5101.5498046875,1411.4000244140625,377.47906494140625,5762.60009765625,1224.4000244140625,5206.2998046875,2490.75,1772.4017333984375,1649.800048828125,621.0999755859375,3952.723388671875,606.9000244140625,2368.10009765625,1209.199951171875,590.5,950.7999877929688,1875.449951171875,434.7379455566406,932.4500122070312,1886.199951171875,3458.199951171875,2801.39990234375,11967.900390625,2193.8505859375,321.14495849609375,251.50299072265625,292.4300842285156,1246.300048828125,1437.6636962890625,744.1500244140625,1811.283935546875,992.3499755859375,734.0999755859375,129.74000549316406,4152.35009765625,1723.050048828125,3402.14990234375,11285.849609375,552.0,313.86328125
2025-01-27,2259.699951171875,1082.0,6685.99365234375,2251.5,948.0999755859375,8384.599609375,1711.5999755859375,7295.4501953125,1602.5999755859375,256.23699951171875,5176.25,1396.0999755859375,370.2852478027344,5576.75,1197.6500244140625,5144.5,2458.050048828125,1692.4244384765625,1629.800048828125,610.2000122070312,3917.6533203125,586.9000244140625,2392.85009765625,1227.949951171875,589.0499877929688,926.4500122070312,1822.0,433.26123046875,919.3499755859375,1881.4000244140625,3457.64990234375,2831.60009765625,11993.849609375,2160.91162109375,319.7062072753906,245.88482666015625,283.682373046875,1229.3499755859375,1421.694091796875,749.2000122070312,1776.145751953125,965.7999877929688,713.0499877929688,126.37000274658203,4065.14990234375,1653.9000244140625,3319.35009765625,11239.5,542.3499755859375,301.95001220703125
2025-01-28,2286.050048828125,1080.699951171875,6699.474609375,2241.800048828125,983.7999877929688,8398.400390625,1768.949951171875,7606.60009765625,1618.3499755859375,253.04998779296875,5060.75,1420.5999755859375,365.2593994140625,5410.2001953125,1181.25,5105.39990234375,2411.300048828125,1673.937744140625,1670.4000244140625,611.5499877929688,3927.799072265625,573.8499755859375,2388.85009765625,1246.9000244140625,600.2999877929688,934.1500244140625,1829.75,428.6835021972656,916.1500244140625,1887.75,3413.89990234375,2870.60009765625,12123.75,2142.5791015625,315.7867431640625,243.8258056640625,280.6676330566406,1234.4000244140625,1416.803466796875,752.4000244140625,1695.2830810546875,961.25,728.25,128.6199951171875,4040.300048828125,1648.3499755859375,3325.89990234375,11296.349609375,538.6500244140625,303.6000061035156
2025-01-29,2318.60009765625,1096.949951171875,6774.7177734375,2223.14990234375,983.4000244140625,8625.849609375,1790.4000244140625,7759.64990234375,1600.449951171875,257.0,5037.0498046875,1423.949951171875,373.93145751953125,5620.14990234375,1181.199951171875,5182.89990234375,2453.64990234375,1699.39404296875,1677.300048828125,628.3499755859375,3972.7705078125,584.0999755859375,2383.949951171875,1251.6500244140625,606.7999877929688,948.2999877929688,1881.25,426.6161193847656,937.5999755859375,1920.3499755859375,3449.699951171875,2924.35009765625,11977.900390625,2166.82373046875,318.7635498046875,246.4927215576172,284.5225524902344,1235.5,1458.124755859375,758.4500122070312,1724.9542236328125,960.5,752.5,130.8000030517578,4099.7998046875,1681.1500244140625,3370.75,11544.849609375,553.0999755859375,312.45001220703125
2025-01-30,2252.60009765625,1077.050048828125,6815.0107421875,2249.85009765625,984.7000122070312,8747.7998046875,1745.199951171875,7901.64990234375,1640.75,257.1499938964844,5075.35009765625,1457.449951171875,379.4499816894531,5735.89990234375,1194.5,5164.35009765625,2491.699951171875,1693.5614013671875,1691.5,634.1500244140625,4075.541748046875,587.8499755859375,2408.75,1255.5999755859375,611.4000244140625,957.0499877929688,1859.949951171875,429.4218444824219,950.8499755859375,1901.5,3420.949951171875,2971.449951171875,12000.0,2203.24072265625,320.5,251.70887756347656,291.93585205078125,1253.050048828125,1470.10205078125,762.5999755859375,1728.6817626953125,966.7000122070312,696.8499755859375,131.1199951171875,4100.0498046875,1670.0999755859375,3368.39990234375,11479.400390625,566.9500122070312,309.0
2025-01-31,2287.800048828125,1099.3499755859375,6800.880859375,2300.800048828125,986.0999755859375,8847.7998046875,1736.0999755859375,7885.10009765625,1626.300048828125,261.1000061035156,5129.64990234375,1479.4000244140625,395.8999938964844,5577.7001953125,1217.3499755859375,5194.2998046875,2508.85009765625,1705.7705078125,1698.75,638.0499877929688,4232.9423828125,594.2999877929688,2468.800048828125,1252.800048828125,616.0,991.2000122070312,1879.800048828125,440.5462341308594,945.0,1901.300048828125,3567.39990234375,2989.85009765625,12310.650390625,2298.480712890625,324.0,257.48388671875,298.16302490234375,1265.0999755859375,1480.7816162109375,772.9000244140625,1733.502685546875,1024.6500244140625,716.0999755859375,134.6199951171875,4112.39990234375,1674.449951171875,3490.25,11487.4501953125,603.75,311.8999938964844
2025-02-01,2270.0,1084.0999755859375,6831.43798828125,2351.14990234375,998.1500244140625,9155.599609375,1754.0,8000.10009765625,1623.25,255.64999389648438,5201.35009765625,1439.5,385.29998779296875,5618.5498046875,1204.949951171875,5390.14990234375,2440.75,1674.67919921875,1690.949951171875,625.5,4294.400390625,586.4500122070312,2506.050048828125,1255.550048828125,606.0,1009.4000244140625,1851.3499755859375,455.36236572265625,934.25,1903.0999755859375,3447.5,3076.75,12916.5,2312.3916015625,317.70001220703125,252.5226593017578,286.49945068359375,1264.5999755859375,1451.587158203125,766.0,1731.76318359375,1069.8499755859375,706.5499877929688,132.97000122070312,4073.14990234375,1646.4000244140625,3552.0,11259.150390625,604.0,304.79998779296875
2025-02-03,2261.85009765625,1084.8499755859375,6789.04736328125,2292.25,989.4000244140625,8926.5498046875,1794.8499755859375,8425.7998046875,1652.3499755859375,249.5500030517578,5105.5498046875,1420.550048828125,374.0,5884.10009765625,1203.8499755859375,5485.25,2473.64990234375,1672.7020263671875,1678.0,621.4000244140625,4181.7275390625,574.0499877929688,2441.949951171875,1253.0,604.6500244140625,1012.7000122070312,1863.300048828125,447.2898254394531,933.9500122070312,1884.5,3289.199951171875,3173.300048828125,13139.9501953125,2302.35595703125,311.25,244.1395721435547,280.51934814453125,1245.9000244140625,1457.176513671875,760.9500122070312,1730.1728515625,1036.300048828125,687.4500122070312,131.82000732421875,4068.64990234375,1654.699951171875,3580.300048828125,11174.650390625,630.25,313.6000061035156
2025-02-04,2301.5,1125.0999755859375,6782.60693359375,2354.35009765625,1015.2999877929688,8911.400390625,1813.25,8475.349609375,1661.449951171875,255.9499969482422,5028.35009765625,1449.050048828125,376.54998779296875,6096.25,1219.949951171875,5450.10009765625,2484.699951171875,1712.78955078125,1720.9000244140625,625.9000244140625,4133.390625,583.9500122070312,2438.050048828125,1268.199951171875,606.9500122070312,1047.1500244140625,1898.800048828125,448.0773620605469,944.25,1928.5,3439.14990234375,3189.050048828125,13109.9501953125,2284.818115234375,319.1000061035156,249.14002990722656,282.34796142578125,1285.199951171875,1469.6029052734375,779.2000122070312,1754.6751708984375,1034.199951171875,710.5499877929688,133.4199981689453,4107.0498046875,1659.050048828125,3597.699951171875,11519.150390625,636.9000244140625,316.25
2025-02-05,2324.60009765625,1144.3499755859375,6934.84130859375,2275.199951171875,1013.2999877929688,8927.7998046875,1796.75,8509.4501953125,1660.449951171875,261.25,4932.64990234375,1436.800048828125,382.8500061035156,6123.5,1227.550048828125,5417.2001953125,2490.0,1693.314208984375,1737.800048828125,627.8499755859375,4165.87548828125,600.5999755859375,2391.050048828125,1267.699951171875,605.25,1061.199951171875,1897.050048828125,441.1861572265625,949.9000244140625,1911.75,3383.199951171875,3178.75,13086.7998046875,2234.6396484375,319.6000061035156,256.5426330566406,281.9031982421875,1278.199951171875,1466.359130859375,766.0499877929688,1742.25,1015.2999877929688,717.0499877929688,134.39999389648438,4091.10009765625,1661.0,3490.89990234375,11585.7001953125,645.4500122070312,317.1000061035156
2025-02-06,2312.449951171875,1164.050048828125,6864.541015625,2263.39990234375,1020.7000122070312,8846.349609375,1788.0,8507.2998046875,1619.75,262.54998779296875,4956.0498046875,1471.5,379.6000061035156,6119.7001953125,1236.6500244140625,5342.0,2499.0,1703.8427734375,1743.8499755859375,631.9500122070312,4126.5126953125,595.4500122070312,2372.699951171875,1272.4000244140625,599.9500122070312,1065.550048828125,1915.6500244140625,434.2456970214844,948.4000244140625,1915.949951171875,3352.75,3139.949951171875,13074.0,2225.199951171875,312.79998779296875,251.14999389648438,277.8999938964844,1281.550048828125,1462.3167724609375,752.25,1742.0,1023.3499755859375,709.6500244140625,132.5399932861328,4082.75,1669.5999755859375,3410.75,11477.349609375,644.75,317.95001220703125
2025-02-07,2338.800048828125,1146.0999755859375,6780.958984375,2271.0,1024.0999755859375,8989.400390625,1798.3499755859375,8474.25,1676.75,264.29998779296875,4870.5,1472.25,378.25,6140.5498046875,1240.4000244140625,5372.5498046875,2487.60009765625,1705.96826171875,1732.75,635.7000122070312,4170.021484375,607.4000244140625,2363.85009765625,1256.9000244140625,600.0499877929688,1079.0999755859375,1903.6500244140625,424.15496826171875,980.75,1929.25,3336.89990234375,3198.449951171875,13049.5,2225.10009765625,316.95001220703125,248.89999389648438,278.1499938964844,1266.699951171875,1468.1556396484375,737.2000122070312,1749.800048828125,1021.2000122070312,706.75,138.30999755859375,4029.39990234375,1692.0999755859375,3424.800048828125,11640.599609375,641.3499755859375,318.0
2025-02-10,2290.800048828125,1144.199951171875,6751.70068359375,2270.14990234375,1011.75,8880.5498046875,1792.4000244140625,8286.7998046875,1693.050048828125,259.8999938964844,4909.64990234375,1458.8499755859375,370.5,5938.7998046875,1220.949951171875,5335.35009765625,2473.25,1714.07470703125,1715.75,635.7000122070312,4093.735595703125,596.0,2361.449951171875,1262.5999755859375,587.8499755859375,1068.0,1880.300048828125,420.56170654296875,959.1500244140625,1960.1500244140625,3328.64990234375,3137.25,12900.75,2221.050048828125,310.5,242.4499969482422,268.70001220703125,1253.6500244140625,1445.4488525390625,736.7999877929688,1732.0999755859375,1027.5,696.0,134.0399932861328,4036.949951171875,1699.050048828125,3327.449951171875,11532.2998046875,634.9500122070312,319.04998779296875
2025-02-11,2321.75,1140.0999755859375,6308.427734375,2240.85009765625,1007.4000244140625,8762.0,1744.8499755859375,8191.2001953125,1696.75,255.14999389648438,4904.0498046875,1453.1500244140625,359.0,5946.75,1209.800048828125,4972.35009765625,2491.449951171875,1703.546142578125,1701.4000244140625,618.5999755859375,3985.550048828125,595.8499755859375,2315.25,1252.75,574.7999877929688,1054.1500244140625,1875.6500244140625,411.79998779296875,954.5,1918.5999755859375,3239.64990234375,3085.949951171875,12724.349609375,2195.5,305.6000061035156,238.9499969482422,261.45001220703125,1234.8499755859375,1416.304443359375,731.0999755859375,1699.75,1013.7999877929688,677.75,130.11000061035156,3963.550048828125,1669.0999755859375,3281.800048828125,11300.2001953125,610.7000122070312,313.0
2025-02-12,2353.449951171875,1128.949951171875,6365.54638671875,2228.25,1006.9000244140625,8711.599609375,1788.699951171875,8214.0498046875,1711.550048828125,255.60000610351562,4918.2998046875,1449.199951171875,360.3500061035156,5969.85009765625,1215.8499755859375,4849.4501953125,2484.949951171875,1697.7135009765625,1706.800048828125,629.1500244140625,4015.75,598.9000244140625,2332.5,1251.800048828125,579.7999877929688,1039.6500244140625,1863.1500244140625,409.8999938964844,956.4000244140625,1943.949951171875,3289.64990234375,2987.199951171875,12655.5498046875,2193.75,306.25,237.39999389648438,257.04998779296875,1216.550048828125,1449.3914794921875,733.1500244140625,1693.8499755859375,1029.75,684.3499755859375,132.27999877929688,3950.14990234375,1680.199951171875,3255.449951171875,11478.5,620.5,310.20001220703125
2025-02-13,2244.699951171875,1111.550048828125,6363.2001953125,2236.39990234375,1008.2000122070312,8691.349609375,1849.25,8409.0,1714.5999755859375,255.75,4888.7001953125,1472.1500244140625,361.6499938964844,6010.5,1223.5999755859375,4820.39990234375,2490.10009765625,1683.6754150390625,1697.699951171875,629.5999755859375,3956.550048828125,602.5,2321.5,1248.9000244140625,590.8499755859375,1047.25,1843.25,409.70001220703125,969.7999877929688,1972.800048828125,3263.64990234375,2978.0,12671.2998046875,2177.550048828125,306.70001220703125,234.9499969482422,259.1499938964844,1216.0999755859375,1467.70654296875,727.6500244140625,1746.3499755859375,1022.7999877929688,683.8499755859375,136.25,3910.14990234375,1675.300048828125,3231.5,11546.4501953125,629.75,308.54998779296875
2025-02-14,2152.64990234375,1062.699951171875,6270.5,2231.300048828125,997.5,8506.5,1841.300048828125,8392.2998046875,1717.050048828125,251.0,4939.64990234375,1459.449951171875,354.20001220703125,5843.75,1197.050048828125,4703.35009765625,2431.300048828125,1691.7325439453125,1694.8499755859375,626.2000122070312,3862.39990234375,606.2000122070312,2318.35009765625,1260.0999755859375,582.4500122070312,1024.4000244140625,1856.4000244140625,410.25,964.5999755859375,1952.4000244140625,3237.64990234375,2942.60009765625,12680.25,2195.85009765625,300.3500061035156,230.5,257.3500061035156,1217.25,1462.6661376953125,722.1500244140625,1700.5,1022.5499877929688,680.6500244140625,134.47000122070312,3934.85009765625,1659.0999755859375,3213.25,11263.849609375,618.3499755859375,308.1000061035156
2025-02-17,2223.699951171875,1082.9000244140625,6300.2001953125,2250.85009765625,992.9500122070312,8537.150390625,1894.8499755859375,8426.599609375,1675.550048828125,252.3000030517578,4963.7001953125,1474.6500244140625,360.1000061035156,5923.75,1198.949951171875,4745.2001953125,2463.85009765625,1690.39794921875,1717.3499755859375,623.25,3876.449951171875,610.8499755859375,2329.39990234375,1251.1500244140625,575.2000122070312,1048.25,1842.300048828125,408.6000061035156,973.5499877929688,1945.300048828125,3221.85009765625,2831.949951171875,12762.900390625,2216.5,302.3500061035156,233.64999389648438,263.20001220703125,1224.9000244140625,1473.3956298828125,727.7000122070312,1714.199951171875,1023.25,686.5999755859375,134.2899932861328,3904.5,1664.949951171875,3233.199951171875,11490.099609375,632.2000122070312,305.3500061035156
2025-02-18,2220.300048828125,1085.1500244140625,6376.85009765625,2237.60009765625,994.1500244140625,8446.599609375,1893.699951171875,8465.900390625,1668.9000244140625,252.75,4891.2001953125,1482.0999755859375,361.1000061035156,5839.7001953125,1197.4000244140625,4719.39990234375,2463.199951171875,1705.8199462890625,1723.050048828125,618.9500122070312,3840.5,611.4500122070312,2296.0,1243.050048828125,573.2000122070312,1024.0999755859375,1851.949951171875,405.25,978.7999877929688,1963.3499755859375,3220.14990234375,2790.050048828125,12786.2001953125,2222.39990234375,311.20001220703125,236.60000610351562,266.95001220703125,1225.4000244140625,1472.54736328125,725.7999877929688,1701.5999755859375,1026.949951171875,682.4000244140625,134.5399932861328,3873.199951171875,1705.0,3221.85009765625,11308.900390625,630.7999877929688,312.20001220703125
2025-02-19,2180.800048828125,1082.8499755859375,6422.64990234375,2239.10009765625,1011.3499755859375,8479.5,1875.3499755859375,8439.4501953125,1645.199951171875,255.60000610351562,4837.5,1464.1500244140625,362.29998779296875,5934.89990234375,1165.8499755859375,4810.60009765625,2463.199951171875,1692.7705078125,1727.199951171875,622.8499755859375,3879.14990234375,626.2999877929688,2250.39990234375,1261.6500244140625,576.0,1035.800048828125,1810.800048828125,406.3999938964844,977.3499755859375,1985.0,3275.89990234375,2757.39990234375,12686.150390625,2204.949951171875,314.79998779296875,238.3000030517578,263.04998779296875,1227.449951171875,1472.796875,727.2999877929688,1676.5999755859375,1025.300048828125,681.0,135.75999450683594,3784.10009765625,1685.800048828125,3210.300048828125,11291.5498046875,650.0499877929688,314.1000061035156
2025-02-20,2179.0,1111.699951171875,6390.9501953125,2249.050048828125,1017.2000122070312,8630.2001953125,1881.25,8399.4501953125,1643.5,258.6000061035156,4832.39990234375,1479.699951171875,367.95001220703125,5978.2998046875,1170.949951171875,4888.39990234375,2453.699951171875,1668.3028564453125,1687.0999755859375,620.0,3909.10009765625,638.7999877929688,2248.050048828125,1249.949951171875,574.7999877929688,1047.6500244140625,1825.1500244140625,402.04998779296875,981.1500244140625,1970.550048828125,3275.800048828125,2839.449951171875,12440.650390625,2206.75,325.1499938964844,241.89999389648438,265.75,1233.0,1467.0079345703125,729.7000122070312,1669.300048828125,1008.9000244140625,689.7999877929688,138.0399932861328,3779.39990234375,1657.8499755859375,3191.449951171875,11287.599609375,647.25,313.29998779296875
2025-02-21,2133.10009765625,1083.25,6317.5498046875,2257.60009765625,1008.9500122070312,8506.0498046875,1879.3499755859375,8396.7001953125,1639.25,251.3000030517578,4831.89990234375,1475.75,369.95001220703125,5757.0498046875,1151.800048828125,4962.4501953125,2431.050048828125,1681.302734375,1692.5,622.8499755859375,3852.60009765625,653.5499877929688,2241.64990234375,1232.949951171875,574.0,1043.75,1815.0,400.8999938964844,981.9000244140625,1953.050048828125,3315.10009765625,2669.35009765625,12323.4501953125,2214.949951171875,326.25,239.89999389648438,261.8999938964844,1228.1500244140625,1492.559326171875,722.0,1643.75,1004.0,673.2000122070312,140.75999450683594,3786.0,1649.5,3179.89990234375,11157.25,646.3499755859375,306.3500061035156
2025-02-24,2115.14990234375,1070.4000244140625,6251.39990234375,2246.199951171875,1010.0499877929688,8446.9501953125,1857.800048828125,8354.9501953125,1601.300048828125,251.0,4804.2998046875,1476.75,364.79998779296875,5702.5498046875,1164.550048828125,5010.7998046875,2393.699951171875,1625.2989501953125,1677.0999755859375,617.0,3884.85009765625,641.9000244140625,2241.449951171875,1218.3499755859375,566.4000244140625,1029.1500244140625,1764.0999755859375,401.8999938964844,966.7999877929688,1966.0999755859375,3257.699951171875,2709.199951171875,12345.2001953125,2220.39990234375,320.1000061035156,234.35000610351562,259.1499938964844,1214.550048828125,1483.6761474609375,716.4000244140625,1639.5,1002.4000244140625,668.25,137.64999389648438,3675.60009765625,1613.699951171875,3173.0,11042.650390625,645.2000122070312,295.04998779296875
2025-02-25,2129.85009765625,1080.3499755859375,6251.35009765625,2224.75,1009.0999755859375,8417.900390625,1875.0999755859375,8488.7998046875,1641.4000244140625,248.4499969482422,4798.0498046875,1463.3499755859375,361.1499938964844,5726.39990234375,1128.1500244140625,4989.7998046875,2379.300048828125,1617.4395751953125,1682.3499755859375,622.1500244140625,3828.25,619.4500122070312,2259.300048828125,1224.1500244140625,566.7000122070312,1034.25,1767.699951171875,404.8500061035156,958.75,1967.25,3225.89990234375,2777.85009765625,12476.349609375,2250.39990234375,318.70001220703125,233.0,255.75,1204.0,1468.9542236328125,710.9000244140625,1613.5999755859375,1004.8499755859375,661.5999755859375,137.07000732421875,3629.550048828125,1593.949951171875,3198.800048828125,10964.150390625,647.5,291.29998779296875
2025-02-27,2110.949951171875,1078.949951171875,6185.2001953125,2213.64990234375,1016.7000122070312,8232.349609375,1925.550048828125,8705.400390625,1650.4000244140625,244.75,4782.7998046875,1441.1500244140625,363.8500061035156,5615.7998046875,1125.550048828125,4935.5,2339.949951171875,1610.6182861328125,1700.699951171875,618.4000244140625,3759.550048828125,631.9500122070312,2244.949951171875,1222.449951171875,559.75,1046.699951171875,1764.300048828125,401.6000061035156,975.0,1947.550048828125,3209.5,2726.550048828125,12380.599609375,2278.199951171875,315.70001220703125,231.0,256.25,1207.0999755859375,1466.9580078125,703.9000244140625,1647.5,1008.0,648.5499877929688,138.69000244140625,3612.550048828125,1588.25,3223.10009765625,10447.650390625,643.6500244140625,294.5
2025-02-28,2096.0,1069.4000244140625,6052.60009765625,2179.75,1015.5499877929688,7902.89990234375,1872.300048828125,8530.2998046875,1570.199951171875,237.3000030517578,4595.4501953125,1407.5,369.3500061035156,5480.25,1116.5,4773.60009765625,2306.64990234375,1557.0859375,1732.4000244140625,608.5,3681.10009765625,634.3499755859375,2190.25,1204.0999755859375,551.5999755859375,990.0999755859375,1687.699951171875,395.0,950.7000122070312,1902.949951171875,3163.85009765625,2585.10009765625,11945.849609375,2189.64990234375,311.45001220703125,225.25,250.85000610351562,1200.0999755859375,1427.7825927734375,688.7999877929688,1593.25,963.7000122070312,620.6500244140625,137.1999969482422,3483.25,1487.8499755859375,3077.25,10128.4501953125,632.9500122070312,277.6499938964844
2025-03-03,2117.10009765625,1053.050048828125,6170.60009765625,2166.39990234375,1007.25,7714.7998046875,1838.550048828125,8627.849609375,1595.800048828125,242.41000366210938,4596.60009765625,1407.550048828125,360.3500061035156,5540.25,1119.5999755859375,4906.60009765625,2377.449951171875,1554.4661865234375,1701.550048828125,618.0,3630.75,636.5499877929688,2176.85009765625,1206.199951171875,554.25,984.0,1708.5999755859375,397.45001220703125,976.0499877929688,1914.5999755859375,3197.300048828125,2611.89990234375,11775.599609375,2185.550048828125,314.3999938964844,225.1300048828125,252.5,1171.25,1405.8243408203125,695.2999877929688,1585.0999755859375,953.9000244140625,621.1500244140625,138.57000732421875,3493.050048828125,1493.050048828125,3082.0,10340.7998046875,616.7000122070312,283.54998779296875
2025-03-04,2144.800048828125,1057.949951171875,6188.14990234375,2132.10009765625,1001.7999877929688,7333.2998046875,1790.300048828125,8585.9501953125,1575.3499755859375,249.9199981689453,4575.2001953125,1401.800048828125,363.8500061035156,5517.7001953125,1120.1500244140625,4815.10009765625,2394.64990234375,1517.9869384765625,1710.0,616.5,3514.85009765625,641.6500244140625,2157.35009765625,1210.4000244140625,547.75,987.5999755859375,1688.300048828125,394.8500061035156,974.0999755859375,1907.800048828125,3213.0,2613.35009765625,11616.25,2146.5,313.75,226.75999450683594,254.0,1161.9000244140625,1390.45361328125,716.0499877929688,1566.5,954.5499877929688,619.2000122070312,139.33999633789062,3532.050048828125,1488.25,3048.5,10370.099609375,613.4000244140625,280.0
2025-03-05,2245.85009765625,1112.699951171875,6214.39990234375,2164.14990234375,1014.4500122070312,7420.2998046875,1801.800048828125,8298.7001953125,1618.25,255.83999633789062,4722.14990234375,1419.75,368.25,5516.5498046875,1126.4000244140625,4988.2998046875,2391.64990234375,1555.009765625,1690.0,621.2000122070312,3588.75,657.3499755859375,2170.449951171875,1215.699951171875,550.0499877929688,971.8499755859375,1711.5,405.04998779296875,1002.7000122070312,1933.0999755859375,3239.64990234375,2726.60009765625,11617.349609375,2197.0,326.20001220703125,228.94000244140625,264.3999938964844,1175.5999755859375,1418.0010986328125,730.3499755859375,1582.449951171875,956.7999877929688,640.7999877929688,146.10000610351562,3547.050048828125,1538.0999755859375,3086.550048828125,10464.2001953125,627.8499755859375,285.1000061035156
2025-03-06,2252.85009765625,1136.199951171875,6274.10009765625,2267.699951171875,1034.0999755859375,7462.25,1845.449951171875,8410.849609375,1626.9000244140625,265.0400085449219,4702.5498046875,1461.75,382.6000061035156,5568.7001953125,1140.0999755859375,5094.39990234375,2393.64990234375,1567.3671875,1691.199951171875,618.25,3648.75,681.9500122070312,2218.949951171875,1218.050048828125,550.1500244140625,971.7000122070312,1715.8499755859375,405.70001220703125,1011.0999755859375,1921.699951171875,3259.89990234375,2742.39990234375,11666.400390625,2201.199951171875,337.8999938964844,232.60000610351562,266.6499938964844,1209.5999755859375,1418.60009765625,732.0499877929688,1614.0,958.1500244140625,639.6500244140625,150.44000244140625,3601.60009765625,1503.449951171875,3121.10009765625,10493.5,624.7000122070312,285.8999938964844
2025-03-07,2247.5,1144.5,6216.10009765625,2270.0,1037.6500244140625,7574.75,1845.300048828125,8404.5,1630.699951171875,261.260009765625,4748.25,1458.449951171875,380.6499938964844,5578.75,1133.25,5100.7001953125,2407.25,1540.180908203125,1689.25,625.2000122070312,3652.5,691.3499755859375,2204.550048828125,1214.550048828125,549.5499877929688,936.75,1686.0,403.8999938964844,1011.1500244140625,1935.4000244140625,3244.699951171875,2727.85009765625,11664.150390625,2238.449951171875,329.54998779296875,232.88999938964844,263.29998779296875,1249.800048828125,1411.5999755859375,732.75,1609.300048828125,962.0499877929688,648.2999877929688,151.55999755859375,3611.199951171875,1492.3499755859375,3079.35009765625,10582.400390625,629.8499755859375,284.79998779296875
2025-03-10,2228.300048828125,1142.9000244140625,6149.60009765625,2278.60009765625,1035.8499755859375,7383.39990234375,1840.3499755859375,8342.599609375,1630.949951171875,256.92999267578125,4737.7001953125,1462.75,375.1499938964844,5514.25,1120.199951171875,4990.5498046875,2383.949951171875,1531.629638671875,1687.5,625.9000244140625,3582.85009765625,689.1500244140625,2247.75,1214.8499755859375,544.6500244140625,900.5,1701.449951171875,405.0,1013.5,1921.75,3177.699951171875,2702.60009765625,11586.0498046875,2248.39990234375,329.3999938964844,223.19000244140625,271.29998779296875,1238.4000244140625,1419.449951171875,728.9000244140625,1611.5,957.2999877929688,648.1500244140625,151.0500030517578,3589.64990234375,1486.8499755859375,3026.800048828125,10520.099609375,615.4500122070312,280.8999938964844
2025-03-11,2250.60009765625,1135.0,6134.7998046875,2287.39990234375,1025.6500244140625,7499.9501953125,1805.4000244140625,8340.4501953125,1662.949951171875,264.5799865722656,4762.0498046875,1445.75,379.04998779296875,5546.25,1116.6500244140625,4985.5498046875,2413.550048828125,1549.968017578125,1685.5,636.9500122070312,3650.64990234375,695.5,2216.949951171875,1245.4000244140625,546.1500244140625,655.9500122070312,1661.5999755859375,406.20001220703125,1018.6500244140625,1935.199951171875,3195.449951171875,2645.60009765625,11646.9501953125,2251.39990234375,330.29998779296875,226.72000122070312,267.29998779296875,1247.300048828125,1417.25,729.8499755859375,1655.300048828125,959.8499755859375,648.0499877929688,150.75,3575.300048828125,1479.199951171875,3046.39990234375,10439.25,615.0499877929688,277.75
2025-03-12,2241.800048828125,1128.300048828125,6143.75,2251.300048828125,1011.2000122070312,7515.0498046875,1819.449951171875,8484.4501953125,1642.8499755859375,266.32000732421875,4792.0498046875,1454.300048828125,380.70001220703125,5667.14990234375,1105.1500244140625,5017.4501953125,2398.89990234375,1523.02880859375,1711.1500244140625,632.0,3610.25,689.8499755859375,2192.89990234375,1243.949951171875,544.9000244140625,684.7000122070312,1590.8499755859375,412.3999938964844,1010.4000244140625,1982.550048828125,3193.64990234375,2653.300048828125,11640.099609375,2195.5,330.1499938964844,224.39999389648438,267.1000061035156,1257.050048828125,1409.0,723.0499877929688,1676.8499755859375,945.4500122070312,668.2999877929688,150.3000030517578,3506.199951171875,1438.300048828125,3018.949951171875,10520.400390625,608.0499877929688,268.54998779296875
2025-03-13,2221.10009765625,1119.199951171875,6105.64990234375,2231.300048828125,1010.2000122070312,7504.7001953125,1807.449951171875,8420.4501953125,1632.5,264.4100036621094,4728.25,1461.9000244140625,378.29998779296875,5620.4501953125,1107.949951171875,5015.25,2370.199951171875,1517.24560546875,1706.5999755859375,622.4000244140625,3529.14990234375,677.3499755859375,2174.800048828125,1250.050048828125,536.5999755859375,672.3499755859375,1579.8499755859375,412.04998779296875,1001.2000122070312,1985.0999755859375,3187.300048828125,2643.5,11513.7998046875,2191.949951171875,331.8999938964844,225.42999267578125,267.6499938964844,1247.9000244140625,1385.550048828125,727.8499755859375,1683.449951171875,946.0999755859375,655.5,150.8800048828125,3511.050048828125,1440.6500244140625,3010.14990234375,10452.099609375,601.4500122070312,264.0
2025-03-17,2252.699951171875,1137.1500244140625,6156.64990234375,2219.550048828125,1034.1500244140625,7486.0498046875,1871.5999755859375,8580.349609375,1639.1500244140625,261.4200134277344,4674.89990234375,1492.5999755859375,385.75,5670.85009765625,1150.699951171875,5050.25,2399.35009765625,1527.5269775390625,1710.4000244140625,629.7999877929688,3493.10009765625,680.75,2171.25,1269.0,548.6500244140625,677.4000244140625,1590.050048828125,407.95001220703125,1005.7000122070312,1993.0999755859375,3173.449951171875,2705.14990234375,11553.7001953125,2174.35009765625,331.6499938964844,229.74000549316406,267.3500061035156,1238.8499755859375,1434.25,723.1500244140625,1704.300048828125,940.4500122070312,661.0499877929688,151.80999755859375,3497.699951171875,1440.0999755859375,3017.35009765625,10547.099609375,626.1500244140625,259.8500061035156
2025-03-18,2252.699951171875,1137.1500244140625,6156.64990234375,2219.550048828125,1034.1500244140625,7486.0498046875,1871.5999755859375,8580.349609375,1639.1500244140625,261.4200134277344,4674.89990234375,1492.5999755859375,385.75,5670.85009765625,1150.699951171875,5050.25,2399.35009765625,1527.5269775390625,1710.4000244140625,629.7999877929688,3493.10009765625,680.75,2171.25,1269.0,548.6500244140625,677.4000244140625,1590.050048828125,407.95001220703125,1005.7000122070312,1993.0999755859375,3173.449951171875,2705.14990234375,11553.7001953125,2174.35009765625,331.6499938964844,229.74000549316406,267.3500061035156,1238.8499755859375,1434.25,723.1500244140625,1704.300048828125,940.4500122070312,661.0499877929688,151.80999755859375,3497.699951171875,1440.0999755859375,3017.35009765625,10547.099609375,626.1500244140625,259.8500061035156
2025-03-19,2318.64990234375,1173.5,6427.5498046875,2280.699951171875,1052.050048828125,7721.85009765625,1842.25,8731.599609375,1637.1500244140625,265.260009765625,4707.10009765625,1499.1500244140625,395.8500061035156,5818.10009765625,1172.0999755859375,5100.89990234375,2458.199951171875,1526.8348388671875,1744.0999755859375,664.5499877929688,3537.0,698.5499877929688,2200.050048828125,1313.0999755859375,563.0,692.7000122070312,1586.550048828125,403.04998779296875,1033.3499755859375,2021.550048828125,3319.550048828125,2789.10009765625,11615.5498046875,2184.0,341.29998779296875,232.57000732421875,277.20001220703125,1247.1500244140625,1484.9000244140625,745.0999755859375,1732.3499755859375,949.8499755859375,682.25,158.60000610351562,3497.10009765625,1396.1500244140625,3076.300048828125,10933.25,646.2999877929688,265.70001220703125
2025-03-20,2339.300048828125,1177.449951171875,6474.35009765625,2287.199951171875,1054.3499755859375,7920.0,1851.8499755859375,8679.650390625,1705.25,272.1300048828125,4831.10009765625,1512.050048828125,396.3999938964844,5822.10009765625,1187.199951171875,5229.35009765625,2468.14990234375,1544.1846923828125,1768.75,674.3499755859375,3597.14990234375,705.9500122070312,2242.39990234375,1321.699951171875,578.2000122070312,684.0999755859375,1615.550048828125,403.95001220703125,1050.25,2035.6500244140625,3351.050048828125,2828.10009765625,11730.2001953125,2221.550048828125,341.75,235.58999633789062,280.3500061035156,1269.1500244140625,1498.3499755859375,749.5499877929688,1750.25,965.8499755859375,690.0499877929688,159.0399932861328,3563.14990234375,1410.550048828125,3193.10009765625,10948.150390625,646.8499755859375,268.0
2025-03-21,2362.800048828125,1188.800048828125,6611.5498046875,2300.39990234375,1070.1500244140625,8067.85009765625,1847.25,8916.099609375,1725.800048828125,279.6600036621094,4814.0,1523.8499755859375,405.3999938964844,5797.35009765625,1200.1500244140625,5305.9501953125,2469.39990234375,1548.8310546875,1770.3499755859375,679.5999755859375,3629.0,695.3499755859375,2246.199951171875,1343.0999755859375,581.4000244140625,686.9000244140625,1592.550048828125,405.54998779296875,1058.699951171875,2079.0,3415.949951171875,2801.85009765625,11732.7998046875,2268.85009765625,351.29998779296875,242.4199981689453,283.1000061035156,1276.3499755859375,1546.4000244140625,753.2000122070312,1784.5,961.2000122070312,702.9500122070312,157.27999877929688,3578.10009765625,1409.25,3162.699951171875,10976.75,658.8499755859375,264.29998779296875
2025-03-24,2368.699951171875,1200.800048828125,6615.7998046875,2322.5,1097.8499755859375,8125.5498046875,1894.1500244140625,9090.0498046875,1718.800048828125,280.44000244140625,4796.85009765625,1524.050048828125,406.0,5910.7001953125,1210.300048828125,5424.2001953125,2513.199951171875,1585.85400390625,1800.0,679.9000244140625,3626.35009765625,701.5,2256.199951171875,1358.1500244140625,596.8499755859375,669.4500122070312,1592.75,410.8999938964844,1061.3499755859375,2176.14990234375,3481.85009765625,2774.699951171875,11922.25,2263.550048828125,366.95001220703125,243.8300018310547,291.8500061035156,1302.0999755859375,1569.800048828125,780.7999877929688,1784.800048828125,970.4500122070312,713.5,158.4199981689453,3628.949951171875,1458.6500244140625,3079.10009765625,11051.2001953125,658.4500122070312,269.3999938964844
2025-03-25,2320.35009765625,1182.449951171875,6644.7001953125,2330.75,1118.550048828125,8006.0,1945.050048828125,9067.25,1730.5,279.1099853515625,4845.2001953125,1511.199951171875,398.29998779296875,5840.64990234375,1177.9000244140625,5431.25,2569.449951171875,1606.367431640625,1821.449951171875,673.0999755859375,3627.949951171875,693.4500122070312,2271.300048828125,1343.699951171875,592.25,637.0499877929688,1628.449951171875,409.79998779296875,1061.699951171875,2170.0,3469.60009765625,2736.0,11868.900390625,2254.85009765625,366.95001220703125,242.25,291.0,1285.449951171875,1557.199951171875,772.8499755859375,1764.75,970.7000122070312,710.2999877929688,156.72999572753906,3657.75,1455.5,3053.699951171875,11421.2001953125,653.0,271.0
2025-03-26,2312.60009765625,1181.5999755859375,6519.7998046875,2323.14990234375,1096.25,7977.10009765625,1943.4000244140625,8866.0498046875,1738.550048828125,273.010009765625,4849.7001953125,1476.199951171875,394.79998779296875,5839.2001953125,1164.5999755859375,5403.2998046875,2581.60009765625,1614.7703857421875,1806.550048828125,668.4000244140625,3645.949951171875,691.2999877929688,2245.949951171875,1335.9000244140625,588.75,655.2999877929688,1599.449951171875,407.3500061035156,1056.449951171875,2144.89990234375,3444.800048828125,2742.25,11734.2998046875,2243.449951171875,354.6499938964844,239.72000122070312,290.8500061035156,1273.050048828125,1541.300048828125,764.0,1758.949951171875,959.6500244140625,708.25,155.80999755859375,3635.800048828125,1416.300048828125,3057.5,11402.099609375,652.4000244140625,267.3999938964844
2025-03-27,2363.35009765625,1196.75,6492.0498046875,2338.10009765625,1098.3499755859375,7974.2998046875,2005.75,9003.849609375,1724.699951171875,276.05999755859375,4841.2001953125,1482.9000244140625,396.8500061035156,5872.64990234375,1162.199951171875,5345.75,2618.699951171875,1611.5574951171875,1825.3499755859375,681.9000244140625,3772.050048828125,693.3499755859375,2244.64990234375,1336.6500244140625,591.4000244140625,673.5499877929688,1603.550048828125,409.45001220703125,1059.75,2128.64990234375,3501.60009765625,2733.0,11721.9501953125,2242.050048828125,360.6499938964844,242.1699981689453,295.5,1278.199951171875,1544.9000244140625,772.2999877929688,1731.449951171875,973.5499877929688,668.5499877929688,155.4199981689453,3651.199951171875,1423.9000244140625,3087.64990234375,11599.599609375,656.4000244140625,272.20001220703125
2025-03-28,2315.800048828125,1182.949951171875,6616.2001953125,2340.64990234375,1102.0,7878.85009765625,2007.3499755859375,8945.599609375,1733.4000244140625,278.4700012207031,4936.89990234375,1442.199951171875,398.20001220703125,5775.4501953125,1144.199951171875,5347.7001953125,2611.14990234375,1574.3369140625,1828.199951171875,685.7000122070312,3722.949951171875,682.4500122070312,2258.85009765625,1348.3499755859375,564.3499755859375,649.8499755859375,1570.6500244140625,409.75,1063.199951171875,2171.199951171875,3492.300048828125,2665.800048828125,11522.150390625,2250.75,357.6000061035156,246.3800048828125,290.3500061035156,1275.0999755859375,1547.8499755859375,771.5,1734.699951171875,1001.9000244140625,674.4500122070312,154.24000549316406,3606.14990234375,1418.25,3063.35009765625,11509.5498046875,636.25,262.25
2025-04-01,2335.25,1174.75,6632.2998046875,2316.0,1085.5999755859375,7993.0498046875,1937.0999755859375,8698.2001953125,1724.1500244140625,284.6000061035156,4900.7998046875,1444.25,397.6499938964844,5549.7001953125,1152.199951171875,5307.2001953125,2619.0,1512.895751953125,1767.8499755859375,692.9000244140625,3762.050048828125,663.75,2233.85009765625,1318.449951171875,569.0499877929688,682.7000122070312,1526.5,406.6499938964844,1056.25,2145.89990234375,3436.800048828125,2637.89990234375,11481.099609375,2234.0,352.1499938964844,248.07000732421875,289.29998779296875,1252.5999755859375,1545.25,771.7000122070312,1698.3499755859375,992.25,671.8499755859375,153.1199951171875,3550.800048828125,1395.1500244140625,2986.949951171875,11378.650390625,634.75,262.6000061035156
2025-04-02,2369.39990234375,1195.449951171875,6732.14990234375,2306.64990234375,1084.449951171875,8072.9501953125,1930.949951171875,8669.25,1754.5999755859375,286.79998779296875,5037.39990234375,1452.3499755859375,397.5,5666.0,1150.0,5355.5,2616.5,1510.127685546875,1796.9000244140625,696.1500244140625,3783.949951171875,661.2000122070312,2237.89990234375,1331.25,563.3499755859375,702.4500122070312,1550.1500244140625,409.04998779296875,1055.9000244140625,2154.60009765625,3419.89990234375,2637.550048828125,11716.099609375,2210.699951171875,351.75,250.63999938964844,286.75,1251.1500244140625,1559.8499755859375,775.9500122070312,1713.6500244140625,1062.699951171875,671.9000244140625,154.69000244140625,3543.949951171875,1423.050048828125,3098.449951171875,11250.9501953125,654.4500122070312,263.6000061035156
2025-04-03,2410.800048828125,1199.9000244140625,6671.35009765625,2349.39990234375,1089.8499755859375,7912.2001953125,1920.449951171875,8594.599609375,1746.0,286.79998779296875,5073.4501953125,1495.699951171875,397.04998779296875,5763.0,1151.449951171875,5379.14990234375,2651.89990234375,1453.3328857421875,1794.8499755859375,692.9000244140625,3753.35009765625,652.6500244140625,2244.550048828125,1329.550048828125,562.8499755859375,709.4000244140625,1496.5,409.3999938964844,1044.050048828125,2132.60009765625,3420.14990234375,2611.449951171875,11688.099609375,2245.64990234375,358.8999938964844,243.30999755859375,299.1000061035156,1248.699951171875,1542.25,779.2000122070312,1770.0,1071.0,653.9500122070312,153.6199951171875,3403.14990234375,1369.3499755859375,3127.550048828125,11606.599609375,651.25,256.3500061035156
2025-04-04,2334.64990234375,1148.3499755859375,6714.5498046875,2356.050048828125,1091.300048828125,7685.10009765625,1912.300048828125,8718.849609375,1743.449951171875,279.45001220703125,5023.39990234375,1415.25,385.04998779296875,5482.85009765625,1109.949951171875,5247.89990234375,2616.89990234375,1405.88037109375,1817.300048828125,689.0499877929688,3659.199951171875,599.9500122070312,2244.550048828125,1335.300048828125,556.7999877929688,682.0,1451.6500244140625,409.70001220703125,1005.75,2131.949951171875,3260.14990234375,2596.550048828125,11482.0,2262.14990234375,350.3999938964844,226.00999450683594,293.8999938964844,1204.699951171875,1512.5999755859375,767.4500122070312,1709.3499755859375,1087.8499755859375,613.8499755859375,140.38999938964844,3299.39990234375,1320.949951171875,3076.199951171875,11498.650390625,637.7000122070312,246.3000030517578
2025-04-07,2212.699951171875,1110.6500244140625,6683.2998046875,2341.35009765625,1047.949951171875,7306.7998046875,1852.6500244140625,8568.0,1686.6500244140625,273.70001220703125,5055.85009765625,1384.699951171875,377.5,5258.9501953125,1087.9000244140625,5065.25,2509.10009765625,1358.4278564453125,1757.699951171875,665.9500122070312,3526.89990234375,561.7999877929688,2249.39990234375,1287.550048828125,536.9000244140625,675.9000244140625,1396.75,406.04998779296875,930.2999877929688,2037.8499755859375,3068.5,2491.25,11329.75,2249.0,349.79998779296875,219.83999633789062,289.3999938964844,1165.699951171875,1460.800048828125,746.9000244140625,1666.3499755859375,1047.3499755859375,579.75,129.47999572753906,3274.050048828125,1288.0,3022.199951171875,11191.599609375,614.4500122070312,242.89999389648438
2025-04-08,2285.699951171875,1131.3499755859375,6755.60009765625,2394.199951171875,1077.8499755859375,7498.0498046875,1903.199951171875,8822.25,1720.4000244140625,285.8999938964844,5179.35009765625,1432.550048828125,382.8500061035156,5387.2998046875,1107.949951171875,5231.35009765625,2590.050048828125,1387.34423828125,1769.1500244140625,685.75,3574.14990234375,568.3499755859375,2289.25,1299.9000244140625,557.0,679.6500244140625,1428.800048828125,412.54998779296875,954.5999755859375,2055.14990234375,3161.10009765625,2523.64990234375,11458.900390625,2275.39990234375,352.95001220703125,226.66000366210938,288.95001220703125,1182.199951171875,1488.0,768.5999755859375,1688.3499755859375,1069.75,588.8499755859375,130.27999877929688,3292.949951171875,1314.4000244140625,3122.300048828125,11270.4501953125,614.5,247.25
2025-04-09,2236.89990234375,1131.800048828125,6834.10009765625,2411.14990234375,1061.6500244140625,7572.2998046875,1895.699951171875,8735.7998046875,1715.550048828125,287.95001220703125,5339.4501953125,1415.5999755859375,374.6000061035156,5386.14990234375,1094.050048828125,5258.2998046875,2557.75,1364.260498046875,1765.0,684.7999877929688,3610.89990234375,564.0,2350.0,1300.800048828125,568.8499755859375,678.5499877929688,1403.699951171875,416.29998779296875,945.5499877929688,2052.699951171875,3054.14990234375,2523.10009765625,11457.400390625,2344.85009765625,349.3500061035156,221.94000244140625,293.3999938964844,1185.3499755859375,1481.6500244140625,742.2000122070312,1652.199951171875,1089.75,582.9000244140625,127.18000030517578,3246.60009765625,1272.75,3174.14990234375,11397.0498046875,614.25,236.64999389648438
2025-04-11,2321.39990234375,1164.550048828125,6780.9501953125,2393.60009765625,1068.949951171875,7768.85009765625,1946.300048828125,8921.099609375,1756.5999755859375,293.20001220703125,5350.2001953125,1463.050048828125,392.1000061035156,5589.2998046875,1109.5,5350.89990234375,2651.25,1374.6903076171875,1806.75,685.5499877929688,3666.0,600.2999877929688,2366.14990234375,1311.6500244140625,552.9500122070312,689.5,1409.449951171875,421.54998779296875,990.25,2111.199951171875,3115.949951171875,2580.35009765625,11599.0498046875,2361.39990234375,360.1000061035156,230.3699951171875,304.1000061035156,1218.949951171875,1521.9000244140625,753.8499755859375,1687.550048828125,1097.9000244140625,595.0499877929688,133.4199981689453,3231.5,1282.25,3234.89990234375,11502.650390625,638.8499755859375,239.75
2025-04-15,2418.199951171875,1210.800048828125,6905.0,2415.699951171875,1112.800048828125,7995.5,1968.0,9141.0,1798.800048828125,294.3999938964844,5391.2998046875,1481.800048828125,395.25,5734.5,1154.9000244140625,5529.0,2718.60009765625,1410.230224609375,1864.9000244140625,704.7000122070312,3803.89990234375,617.5999755859375,2361.5,1350.199951171875,567.1500244140625,735.9000244140625,1426.0,420.3999938964844,1008.0,2120.199951171875,3257.60009765625,2646.0,11855.0,2367.89990234375,362.5,232.69000244140625,304.54998779296875,1240.0999755859375,1562.5999755859375,763.5,1705.0,1103.4000244140625,622.2000122070312,136.41000366210938,3248.199951171875,1301.699951171875,3273.39990234375,11719.0,658.0,244.0
2025-04-16,2415.60009765625,1232.9000244140625,7005.5,2459.89990234375,1161.300048828125,7961.5,1969.199951171875,9056.5,1822.5999755859375,298.75,5416.2001953125,1496.4000244140625,399.25,5754.0,1158.4000244140625,5615.5,2702.800048828125,1415.370849609375,1878.0,716.0499877929688,3781.89990234375,609.9000244140625,2366.60009765625,1356.4000244140625,586.2999877929688,788.25,1413.0999755859375,424.45001220703125,1009.4000244140625,2123.39990234375,3227.699951171875,2634.60009765625,11664.0,2383.300048828125,359.29998779296875,241.22000122070312,305.75,1239.300048828125,1565.4000244140625,771.75,1693.0999755859375,1105.9000244140625,616.0499877929688,136.97000122070312,3273.800048828125,1308.699951171875,3272.10009765625,11728.0,659.6500244140625,247.64999389648438
2025-04-17,2418.10009765625,1259.4000244140625,7073.5,2467.89990234375,1190.800048828125,8018.0,2035.300048828125,9162.5,1889.0999755859375,298.3500061035156,5454.60009765625,1515.199951171875,398.8500061035156,5640.0,1163.5999755859375,5678.5,2760.699951171875,1421.5989990234375,1906.699951171875,720.0499877929688,3771.800048828125,609.5,2375.0,1406.699951171875,595.6500244140625,794.7000122070312,1419.5,427.25,1007.2000122070312,2188.10009765625,3247.300048828125,2679.39990234375,11695.0,2416.60009765625,364.0,243.49000549316406,309.0,1274.5,1608.199951171875,797.4500122070312,1751.5,1120.199951171875,621.5499877929688,137.13999938964844,3298.89990234375,1306.800048828125,3327.5,11901.0,656.2000122070312,236.89999389648438
2025-04-21,2442.699951171875,1243.0999755859375,7142.5,2445.0,1223.0,8247.5,2103.5,9273.5,1883.4000244140625,304.04998779296875,5393.2001953125,1511.0999755859375,400.5,5891.5,1177.4000244140625,5810.5,2756.89990234375,1465.09716796875,1927.0999755859375,712.2000122070312,3917.0,622.0,2351.0,1409.800048828125,602.9000244140625,828.2000122070312,1451.0,422.8500061035156,1034.0,2241.39990234375,3280.5,2764.0,11745.0,2399.39990234375,364.54998779296875,249.77999877929688,320.0,1295.5,1628.5,816.7000122070312,1744.9000244140625,1121.0,630.0499877929688,139.17999267578125,3321.60009765625,1373.5,3336.10009765625,11934.0,671.1500244140625,238.4499969482422
2025-04-22,2445.5,1233.199951171875,7088.5,2432.0,1216.800048828125,8141.0,2077.0,9260.5,1852.199951171875,306.1000061035156,5435.5,1528.199951171875,398.6000061035156,5911.5,1175.0,5784.0,2749.39990234375,1463.0211181640625,1961.699951171875,712.5499877929688,3833.60009765625,620.0999755859375,2398.699951171875,1416.5,600.9500122070312,787.5,1422.800048828125,433.6000061035156,1044.199951171875,2268.800048828125,3257.800048828125,2817.10009765625,11734.0,2407.300048828125,360.25,247.77999877929688,312.54998779296875,1291.199951171875,1619.0,822.4000244140625,1747.4000244140625,1136.699951171875,630.8499755859375,138.16000366210938,3314.39990234375,1376.5,3337.39990234375,11959.0,672.7000122070312,234.14999389648438
2025-04-23,2453.60009765625,1239.0999755859375,7142.0,2453.10009765625,1206.9000244140625,8261.5,2100.800048828125,9323.0,1881.5999755859375,300.45001220703125,5544.2998046875,1533.699951171875,398.95001220703125,5924.5,1186.0,5740.0,2685.60009765625,1575.81982421875,1923.9000244140625,709.0999755859375,3940.5,629.0999755859375,2423.800048828125,1424.4000244140625,607.0,794.2000122070312,1474.9000244140625,430.8500061035156,1039.199951171875,2227.0,3301.0,2917.800048828125,11907.0,2433.39990234375,363.79998779296875,252.1699981689453,314.95001220703125,1300.0,1615.5,813.4500122070312,1788.800048828125,1150.0999755859375,659.9000244140625,141.16000366210938,3413.0,1439.5999755859375,3357.300048828125,11949.0,679.9000244140625,243.60000610351562
2025-04-24,2442.5,1236.4000244140625,7159.5,2464.39990234375,1207.0999755859375,8201.5,2105.0,9301.0,1845.5999755859375,302.0,5461.89990234375,1551.699951171875,399.8500061035156,6215.5,1200.5,5650.5,2729.199951171875,1568.60302734375,1916.800048828125,708.4000244140625,3954.5,628.3499755859375,2325.300048828125,1402.699951171875,602.3499755859375,819.75,1471.4000244140625,430.04998779296875,1044.5,2223.0,3300.60009765625,2901.39990234375,11894.0,2433.199951171875,363.20001220703125,249.3699951171875,314.3999938964844,1301.5999755859375,1608.199951171875,813.4000244140625,1803.9000244140625,1161.300048828125,668.3499755859375,141.52000427246094,3401.60009765625,1445.199951171875,3382.60009765625,12159.0,684.2000122070312,242.75
2025-04-25,2354.300048828125,1193.0,6953.0,2431.60009765625,1166.300048828125,8034.0,2045.5,9112.0,1817.199951171875,295.70001220703125,5420.5,1525.9000244140625,393.1499938964844,6012.5,1174.800048828125,5575.5,2734.800048828125,1560.199951171875,1911.199951171875,704.5499877929688,3895.5,622.0999755859375,2332.199951171875,1404.800048828125,595.7999877929688,822.3499755859375,1480.199951171875,427.79998779296875,1028.4000244140625,2204.39990234375,3272.10009765625,2864.199951171875,11698.0,2413.5,356.45001220703125,246.3300018310547,306.5,1300.4000244140625,1695.0999755859375,798.6500244140625,1787.4000244140625,1155.699951171875,655.25,138.85000610351562,3448.0,1462.0,3365.199951171875,12237.0,661.8499755859375,240.89999389648438
